[
{
    "model": "puzzle_app.area",
    "pk": 1,
    "fields": {
        "name": "Lifestyle",
        "max_score": 100.0,
        "high_score_good": true,
        "formula": "0"
    }
},
{
    "model": "puzzle_app.area",
    "pk": 2,
    "fields": {
        "name": "Skincare",
        "max_score": 100.0,
        "high_score_good": true,
        "formula": "0"
    }
},
{
    "model": "puzzle_app.area",
    "pk": 3,
    "fields": {
        "name": "Esthetic",
        "max_score": 100.0,
        "high_score_good": false,
        "formula": "0"
    }
},
{
    "model": "puzzle_app.category",
    "pk": 1,
    "fields": {
        "area": 1,
        "name": "Sleep",
        "max_score": 100.0,
        "high_score_good": true,
        "formula": "((sleep1 + sleep2 + sleep3 + sleep4)-4)/16*100"
    }
},
{
    "model": "puzzle_app.category",
    "pk": 2,
    "fields": {
        "area": 1,
        "name": "Stress management",
        "max_score": 100.0,
        "high_score_good": true,
        "formula": "(1-(stress1 + stress2 + stress3 + stress4 + stress5 + stress6 + stress7 + stress8 + stress9 + stress10)/40)*100"
    }
},
{
    "model": "puzzle_app.category",
    "pk": 3,
    "fields": {
        "area": 1,
        "name": "Movement",
        "max_score": 100.0,
        "high_score_good": true,
        "formula": "min(((vigorous_work_days*vigorous_work_minutes + vigorous_leisure_days*vigorous_leisure_minutes)*8 + (moderate_work_days*moderate_work_minutes + moderate_leisure_days*moderate_leisure_minutes + commuting_days*commuting_minutes)*4)/6, 100)"
    }
},
{
    "model": "puzzle_app.category",
    "pk": 4,
    "fields": {
        "area": 1,
        "name": "Lung health",
        "max_score": 100.0,
        "high_score_good": true,
        "formula": "smoking*(95-(second_hand_days*2 + air_pollution_days + indoor_pollution_days)/28*50)"
    }
},
{
    "model": "puzzle_app.category",
    "pk": 5,
    "fields": {
        "area": 1,
        "name": "Connection",
        "max_score": 100.0,
        "high_score_good": true,
        "formula": "(1-((companionship+leftout+isolated)-3)/6)*100"
    }
},
{
    "model": "puzzle_app.category",
    "pk": 6,
    "fields": {
        "area": 1,
        "name": "Alcohol",
        "max_score": 100.0,
        "high_score_good": true,
        "formula": "(1-(frequency+quantity+drunkenness)/12)*100"
    }
},
{
    "model": "puzzle_app.category",
    "pk": 7,
    "fields": {
        "area": 1,
        "name": "Nutrition",
        "max_score": 100.0,
        "high_score_good": true,
        "formula": "(((whole_grains + legumes + nuts_seeds + vitamin_a_rich_orange_veg + dark_green_leafy_vegetables + other_vegetables + vitamin_a_rich_fruits + citrus + other_fruit) - (soda + max(baked1, baked2, baked3) + other_sweets + processed_meat + max(unprocessed_red_meat_ruminant, unprocessed_red_meat_non_ruminant) + deep_fried_foods + max(instant_noodles,fast_food) + salty_snacks) + 9)/18)*100"
    }
},
{
    "model": "puzzle_app.category",
    "pk": 8,
    "fields": {
        "area": 2,
        "name": "Cleansing",
        "max_score": 100.0,
        "high_score_good": true,
        "formula": "cleansing_frequency"
    }
},
{
    "model": "puzzle_app.category",
    "pk": 9,
    "fields": {
        "area": 2,
        "name": "Sunscreen",
        "max_score": 100.0,
        "high_score_good": true,
        "formula": "sunscreen_frequency"
    }
},
{
    "model": "puzzle_app.category",
    "pk": 10,
    "fields": {
        "area": 2,
        "name": "Moisturizing",
        "max_score": 100.0,
        "high_score_good": true,
        "formula": "moisturizing_frequency"
    }
},
{
    "model": "puzzle_app.category",
    "pk": 11,
    "fields": {
        "area": 2,
        "name": "Exfoliating",
        "max_score": 100.0,
        "high_score_good": true,
        "formula": "exfoliating_frequency"
    }
},
{
    "model": "puzzle_app.category",
    "pk": 12,
    "fields": {
        "area": 2,
        "name": "Hygiene",
        "max_score": 100.0,
        "high_score_good": true,
        "formula": "makeup_brushes"
    }
},
{
    "model": "puzzle_app.category",
    "pk": 13,
    "fields": {
        "area": 2,
        "name": "Actives",
        "max_score": 100.0,
        "high_score_good": true,
        "formula": "retinoid"
    }
},
{
    "model": "puzzle_app.category",
    "pk": 14,
    "fields": {
        "area": 3,
        "name": "Botox",
        "max_score": 100.0,
        "high_score_good": true,
        "formula": "wrinkles"
    }
},
{
    "model": "puzzle_app.category",
    "pk": 15,
    "fields": {
        "area": 3,
        "name": "Laser resurfacing",
        "max_score": 100.0,
        "high_score_good": true,
        "formula": "(dull+hyperpigmentation+texture)/3"
    }
},
{
    "model": "puzzle_app.question",
    "pk": 1,
    "fields": {
        "category": 1,
        "alphabetic_id": "sleep1",
        "question_required": true,
        "content": "On average, about how many hours of sleep do you get per night?"
    }
},
{
    "model": "puzzle_app.question",
    "pk": 2,
    "fields": {
        "category": 1,
        "alphabetic_id": "sleep2",
        "question_required": true,
        "content": "Do you have difficulty getting up in the morning?"
    }
},
{
    "model": "puzzle_app.question",
    "pk": 3,
    "fields": {
        "category": 1,
        "alphabetic_id": "sleep3",
        "question_required": true,
        "content": "Do you have difficulty concentrating, being productive, and completing tasks at work or at school?"
    }
},
{
    "model": "puzzle_app.question",
    "pk": 4,
    "fields": {
        "category": 1,
        "alphabetic_id": "sleep4",
        "question_required": true,
        "content": "On average, how many days in a week do you get enough sleep so that you feel rested when you wake up in the morning?"
    }
},
{
    "model": "puzzle_app.question",
    "pk": 5,
    "fields": {
        "category": 2,
        "alphabetic_id": "stress1",
        "question_required": true,
        "content": "How often have you been upset because of something that happened unexpectedly?"
    }
},
{
    "model": "puzzle_app.question",
    "pk": 6,
    "fields": {
        "category": 2,
        "alphabetic_id": "stress2",
        "question_required": true,
        "content": "How often have you felt that you were unable to control the important things in your life?"
    }
},
{
    "model": "puzzle_app.question",
    "pk": 7,
    "fields": {
        "category": 2,
        "alphabetic_id": "stress3",
        "question_required": true,
        "content": "How often have you felt nervous and stressed?"
    }
},
{
    "model": "puzzle_app.question",
    "pk": 8,
    "fields": {
        "category": 2,
        "alphabetic_id": "stress4",
        "question_required": true,
        "content": "How often have you felt confident about your ability to handle your personal problems?"
    }
},
{
    "model": "puzzle_app.question",
    "pk": 9,
    "fields": {
        "category": 2,
        "alphabetic_id": "stress5",
        "question_required": true,
        "content": "How often have you felt that things were going your way?"
    }
},
{
    "model": "puzzle_app.question",
    "pk": 10,
    "fields": {
        "category": 2,
        "alphabetic_id": "stress6",
        "question_required": true,
        "content": "How often have you found that you could not cope with all the things that you had to do?"
    }
},
{
    "model": "puzzle_app.question",
    "pk": 11,
    "fields": {
        "category": 2,
        "alphabetic_id": "stress7",
        "question_required": true,
        "content": "How often have you been able to control irritations in your life?"
    }
},
{
    "model": "puzzle_app.question",
    "pk": 12,
    "fields": {
        "category": 2,
        "alphabetic_id": "stress8",
        "question_required": true,
        "content": "How often have you felt that you were on top of things?"
    }
},
{
    "model": "puzzle_app.question",
    "pk": 13,
    "fields": {
        "category": 2,
        "alphabetic_id": "stress9",
        "question_required": true,
        "content": "How often have you been angered because of things that happened that were outside of your control?"
    }
},
{
    "model": "puzzle_app.question",
    "pk": 14,
    "fields": {
        "category": 2,
        "alphabetic_id": "stress10",
        "question_required": true,
        "content": "How often have you felt difficulties were piling up so high that you could not overcome them?"
    }
},
{
    "model": "puzzle_app.question",
    "pk": 15,
    "fields": {
        "category": 3,
        "alphabetic_id": "vigorous_work_days",
        "question_required": true,
        "content": "Does your work involve vigorous-intensity activity that causes large increases in breathing or heart rate, like carrying or lifting heavy loads, digging, or doing construction work for at least 10 minutes continuously? If so, how frequently?"
    }
},
{
    "model": "puzzle_app.question",
    "pk": 16,
    "fields": {
        "category": 3,
        "alphabetic_id": "vigorous_work_minutes",
        "question_required": true,
        "content": "How much time (in minutes) do you spend doing vigorous-intensity activities at work on a typical day?"
    }
},
{
    "model": "puzzle_app.question",
    "pk": 17,
    "fields": {
        "category": 3,
        "alphabetic_id": "moderate_work_days",
        "question_required": true,
        "content": "Does your work involve moderate-intensity activity that causes small increases in breathing or heart rate, such as brisk walking or carrying light loads for at least 10 minutes continuously? If so, how frequently?"
    }
},
{
    "model": "puzzle_app.question",
    "pk": 18,
    "fields": {
        "category": 3,
        "alphabetic_id": "moderate_work_minutes",
        "question_required": true,
        "content": "How much time (in minutes) do you spend doing moderate-intensity activities at work on a typical day?"
    }
},
{
    "model": "puzzle_app.question",
    "pk": 19,
    "fields": {
        "category": 3,
        "alphabetic_id": "commuting_days",
        "question_required": true,
        "content": "Do you walk or use a bicycle for at least 10 minutes continuously to get to and from places? If so, how many times a week?"
    }
},
{
    "model": "puzzle_app.question",
    "pk": 20,
    "fields": {
        "category": 3,
        "alphabetic_id": "commuting_minutes",
        "question_required": true,
        "content": "How much time (in minutes) do you spend walking or bicycling for travel on a typical day?"
    }
},
{
    "model": "puzzle_app.question",
    "pk": 21,
    "fields": {
        "category": 3,
        "alphabetic_id": "vigorous_leisure_days",
        "question_required": true,
        "content": "Do you do any vigorous-intensity sports, fitness, or recreational activities that cause large increases in breathing or heart rate (such as running, tennis, aerobics, competitive cycling, or soccer) for at least 10 minutes continuously? If so, how frequently?"
    }
},
{
    "model": "puzzle_app.question",
    "pk": 22,
    "fields": {
        "category": 3,
        "alphabetic_id": "vigorous_leisure_minutes",
        "question_required": true,
        "content": "How much time (in minutes) do you spend doing vigorous-intensity sports, fitness, or recreational activities on a typical day?"
    }
},
{
    "model": "puzzle_app.question",
    "pk": 23,
    "fields": {
        "category": 3,
        "alphabetic_id": "moderate_leisure_days",
        "question_required": true,
        "content": "Do you do any moderate-intensity sports, fitness, or recreational activities that cause a small increase in breathing or heart rate (such as brisk walking, casual cycling, swimming, or volleyball) for at least 10 minutes continuously? If so, how frequently?"
    }
},
{
    "model": "puzzle_app.question",
    "pk": 24,
    "fields": {
        "category": 3,
        "alphabetic_id": "moderate_leisure_minutes",
        "question_required": true,
        "content": "How much time (in minutes) do you spend doing moderate-intensity sports, fitness or recreational activities on a typical day?"
    }
},
{
    "model": "puzzle_app.question",
    "pk": 25,
    "fields": {
        "category": 3,
        "alphabetic_id": "sitting",
        "question_required": true,
        "content": "How much time (in minutes) do you usually spend sitting or reclining during waking hours on a typical day (excluding time spent sleeping at night)?"
    }
},
{
    "model": "puzzle_app.question",
    "pk": 26,
    "fields": {
        "category": 4,
        "alphabetic_id": "smoking",
        "question_required": true,
        "content": "Do you smoke cigarettes (pipe, cigar), use an e-cigarette or vape?"
    }
},
{
    "model": "puzzle_app.question",
    "pk": 27,
    "fields": {
        "category": 4,
        "alphabetic_id": "second_hand_days",
        "question_required": true,
        "content": "How many days a week are you exposed to second-hand smoke?"
    }
},
{
    "model": "puzzle_app.question",
    "pk": 28,
    "fields": {
        "category": 4,
        "alphabetic_id": "air_pollution_days",
        "question_required": true,
        "content": "How many days a week are you exposed to air contaminants such as fumes and smoke?"
    }
},
{
    "model": "puzzle_app.question",
    "pk": 29,
    "fields": {
        "category": 4,
        "alphabetic_id": "indoor_pollution_days",
        "question_required": true,
        "content": "How many days a week are you exposed to poor indoor air quality?"
    }
},
{
    "model": "puzzle_app.question",
    "pk": 30,
    "fields": {
        "category": 5,
        "alphabetic_id": "companionship",
        "question_required": true,
        "content": "How often do you feel that you lack companionship?"
    }
},
{
    "model": "puzzle_app.question",
    "pk": 31,
    "fields": {
        "category": 5,
        "alphabetic_id": "leftout",
        "question_required": true,
        "content": "How often do you feel left out?"
    }
},
{
    "model": "puzzle_app.question",
    "pk": 32,
    "fields": {
        "category": 5,
        "alphabetic_id": "isolated",
        "question_required": true,
        "content": "How often do you feel isolated from others?"
    }
},
{
    "model": "puzzle_app.question",
    "pk": 33,
    "fields": {
        "category": 6,
        "alphabetic_id": "frequency",
        "question_required": true,
        "content": "How often do you drink alcoholic beverages?"
    }
},
{
    "model": "puzzle_app.question",
    "pk": 34,
    "fields": {
        "category": 6,
        "alphabetic_id": "quantity",
        "question_required": true,
        "content": "How many drinks containing alcohol do you have on a typical day when you are drinking?"
    }
},
{
    "model": "puzzle_app.question",
    "pk": 35,
    "fields": {
        "category": 6,
        "alphabetic_id": "drunkenness",
        "question_required": true,
        "content": "In the last month, how often did you feel intoxicated when you drank alcohol?"
    }
},
{
    "model": "puzzle_app.question",
    "pk": 36,
    "fields": {
        "category": 7,
        "alphabetic_id": "whole_grains",
        "question_required": true,
        "content": "bread, rice, pasta, tortillas, or unsweetened cereal (e.g., shredded oats)"
    }
},
{
    "model": "puzzle_app.question",
    "pk": 37,
    "fields": {
        "category": 7,
        "alphabetic_id": "whole_grains",
        "question_required": true,
        "content": "fresh corn, popcorn, oats, brown rice, quinoa"
    }
},
{
    "model": "puzzle_app.question",
    "pk": 38,
    "fields": {
        "category": 7,
        "alphabetic_id": "white_roots_tubers",
        "question_required": true,
        "content": "potatoes"
    }
},
{
    "model": "puzzle_app.question",
    "pk": 39,
    "fields": {
        "category": 7,
        "alphabetic_id": "legumes",
        "question_required": true,
        "content": "beans, refried beans, peas, lentils, hummus, chickpeas, tofu, lima beans"
    }
},
{
    "model": "puzzle_app.question",
    "pk": 40,
    "fields": {
        "category": 7,
        "alphabetic_id": "vitamin_a_rich_orange_veg",
        "question_required": true,
        "content": "carrots, orange squash, pumpkin, sweet potato, red bell pepper"
    }
},
{
    "model": "puzzle_app.question",
    "pk": 41,
    "fields": {
        "category": 7,
        "alphabetic_id": "dark_green_leafy_vegetables",
        "question_required": true,
        "content": "broccoli, spinach, arugula, kale, collards, turnip greens, mustard greens"
    }
},
{
    "model": "puzzle_app.question",
    "pk": 42,
    "fields": {
        "category": 7,
        "alphabetic_id": "other_vegetables",
        "question_required": true,
        "content": "other vegetables"
    }
},
{
    "model": "puzzle_app.question",
    "pk": 43,
    "fields": {
        "category": 7,
        "alphabetic_id": "vitamin_a_rich_fruits",
        "question_required": true,
        "content": "cantaloupe, mango, papaya, apricots (or dried apricots)"
    }
},
{
    "model": "puzzle_app.question",
    "pk": 44,
    "fields": {
        "category": 7,
        "alphabetic_id": "citrus",
        "question_required": true,
        "content": "orange, clementine, mandarin, tangerine, grapefruit"
    }
},
{
    "model": "puzzle_app.question",
    "pk": 45,
    "fields": {
        "category": 7,
        "alphabetic_id": "other_fruit",
        "question_required": true,
        "content": "other fruit"
    }
},
{
    "model": "puzzle_app.question",
    "pk": 46,
    "fields": {
        "category": 7,
        "alphabetic_id": "baked1",
        "question_required": true,
        "content": "cakes, cookies, brownies, donuts, pastries, pies"
    }
},
{
    "model": "puzzle_app.question",
    "pk": 47,
    "fields": {
        "category": 7,
        "alphabetic_id": "baked2",
        "question_required": true,
        "content": "sugar-sweetened cereal (such as Honey Nut Cheerios, Cinnamon Toast Crunch, Special K, etc."
    }
},
{
    "model": "puzzle_app.question",
    "pk": 48,
    "fields": {
        "category": 7,
        "alphabetic_id": "baked3",
        "question_required": true,
        "content": "snack bars such as granola bars or Kind bars"
    }
},
{
    "model": "puzzle_app.question",
    "pk": 49,
    "fields": {
        "category": 7,
        "alphabetic_id": "other_sweets",
        "question_required": true,
        "content": "candy, candy bars, chocolate, ice cream, milkshake, pudding and the like"
    }
},
{
    "model": "puzzle_app.question",
    "pk": 50,
    "fields": {
        "category": 7,
        "alphabetic_id": "eggs",
        "question_required": true,
        "content": "eggs"
    }
},
{
    "model": "puzzle_app.question",
    "pk": 51,
    "fields": {
        "category": 7,
        "alphabetic_id": "cheese",
        "question_required": true,
        "content": "cheese"
    }
},
{
    "model": "puzzle_app.question",
    "pk": 52,
    "fields": {
        "category": 7,
        "alphabetic_id": "yogurt",
        "question_required": true,
        "content": "yogurt"
    }
},
{
    "model": "puzzle_app.question",
    "pk": 53,
    "fields": {
        "category": 7,
        "alphabetic_id": "processed_meat",
        "question_required": true,
        "content": "sausages, hot dogs, pepperoni, luncheon/deli meat, ham, bacon"
    }
},
{
    "model": "puzzle_app.question",
    "pk": 54,
    "fields": {
        "category": 7,
        "alphabetic_id": "unprocessed_red_meat_ruminant",
        "question_required": true,
        "content": "beef, hamburger, lamb, venison"
    }
},
{
    "model": "puzzle_app.question",
    "pk": 55,
    "fields": {
        "category": 7,
        "alphabetic_id": "unprocessed_red_meat_non_ruminant",
        "question_required": true,
        "content": "pork"
    }
},
{
    "model": "puzzle_app.question",
    "pk": 56,
    "fields": {
        "category": 7,
        "alphabetic_id": "poultry",
        "question_required": true,
        "content": "chicken, turkey"
    }
},
{
    "model": "puzzle_app.question",
    "pk": 57,
    "fields": {
        "category": 7,
        "alphabetic_id": "fish",
        "question_required": true,
        "content": "fish, tunafish, shrimp, seafood"
    }
},
{
    "model": "puzzle_app.question",
    "pk": 58,
    "fields": {
        "category": 7,
        "alphabetic_id": "nuts_seeds",
        "question_required": true,
        "content": "peanut butter, almond butter, peanuts, almonds, cashews, walnuts, pecans, pistachios or other nuts"
    }
},
{
    "model": "puzzle_app.question",
    "pk": 59,
    "fields": {
        "category": 7,
        "alphabetic_id": "salty_snacks",
        "question_required": true,
        "content": "potato chips, tortilla chips, Cheetos, Doritos, Fritos, Pringles"
    }
},
{
    "model": "puzzle_app.question",
    "pk": 60,
    "fields": {
        "category": 7,
        "alphabetic_id": "instant_noodles",
        "question_required": true,
        "content": "instant noodles, ramen noodle soup, other instant soup"
    }
},
{
    "model": "puzzle_app.question",
    "pk": 61,
    "fields": {
        "category": 7,
        "alphabetic_id": "deep_fried_foods",
        "question_required": true,
        "content": "french fries, onion rings, fried chicken, chicken nuggets, fish sticks, mozzarella sticks, fish fry, fried shrimp or other deep-fried foods"
    }
},
{
    "model": "puzzle_app.question",
    "pk": 62,
    "fields": {
        "category": 7,
        "alphabetic_id": "fluid_milk",
        "question_required": true,
        "content": "cow milk (including in coffee)"
    }
},
{
    "model": "puzzle_app.question",
    "pk": 63,
    "fields": {
        "category": 7,
        "alphabetic_id": "sweetened_beverages",
        "question_required": true,
        "content": "coffee with sugar, sweet coffee drinks, hot cocoa, chocolate milk"
    }
},
{
    "model": "puzzle_app.question",
    "pk": 64,
    "fields": {
        "category": 7,
        "alphabetic_id": "fruit_juice",
        "question_required": true,
        "content": "fruit juice, fruit-flavored drinks, lemonade"
    }
},
{
    "model": "puzzle_app.question",
    "pk": 65,
    "fields": {
        "category": 7,
        "alphabetic_id": "soda",
        "question_required": true,
        "content": "soft drinks such as Coke, Pepsi, Sprite and Dr. Pepper; sports drinks, energy drinks"
    }
},
{
    "model": "puzzle_app.question",
    "pk": 66,
    "fields": {
        "category": 7,
        "alphabetic_id": "fast_food",
        "question_required": true,
        "content": "McDonald's, Burger King, Subway, Dunkin, Wendy's, Taco Bell, Chick-Fil-A or other fast food"
    }
},
{
    "model": "puzzle_app.question",
    "pk": 67,
    "fields": {
        "category": 8,
        "alphabetic_id": "cleansing_frequency",
        "question_required": true,
        "content": "How often do you cleanse your face?"
    }
},
{
    "model": "puzzle_app.question",
    "pk": 68,
    "fields": {
        "category": 9,
        "alphabetic_id": "sunscreen_frequency",
        "question_required": true,
        "content": "How often do you apply sunscreen?"
    }
},
{
    "model": "puzzle_app.question",
    "pk": 69,
    "fields": {
        "category": 10,
        "alphabetic_id": "moisturizing_frequency",
        "question_required": true,
        "content": "How often do you apply a moisturizer?"
    }
},
{
    "model": "puzzle_app.question",
    "pk": 70,
    "fields": {
        "category": 11,
        "alphabetic_id": "exfoliating_frequency",
        "question_required": true,
        "content": "How often do you exfoliate your skin?"
    }
},
{
    "model": "puzzle_app.question",
    "pk": 71,
    "fields": {
        "category": 12,
        "alphabetic_id": "makeup_brushes",
        "question_required": true,
        "content": "How frequently do you clean your makeup brushes/tools?"
    }
},
{
    "model": "puzzle_app.question",
    "pk": 72,
    "fields": {
        "category": 13,
        "alphabetic_id": "retinoid",
        "question_required": true,
        "content": "Do you use a retinoid/retinol-containing skincare product?"
    }
},
{
    "model": "puzzle_app.question",
    "pk": 74,
    "fields": {
        "category": 14,
        "alphabetic_id": "wrinkles",
        "question_required": true,
        "content": "How concerned are you about fine lines and wrinkles on your forehead or around your eyes?"
    }
},
{
    "model": "puzzle_app.question",
    "pk": 75,
    "fields": {
        "category": 15,
        "alphabetic_id": "texture",
        "question_required": true,
        "content": "How would you rate the texture of your skin (e.g., roughness, unevenness, or scarring)?"
    }
},
{
    "model": "puzzle_app.question",
    "pk": 76,
    "fields": {
        "category": 15,
        "alphabetic_id": "hyperpigmentation",
        "question_required": true,
        "content": "Do you have visible sun damage, age spots, or hyperpigmentation that you’d like to reduce?"
    }
},
{
    "model": "puzzle_app.question",
    "pk": 77,
    "fields": {
        "category": 15,
        "alphabetic_id": "dull",
        "question_required": true,
        "content": "How often do you feel that your skin looks dull or lacks radiance?"
    }
},
{
    "model": "puzzle_app.answer",
    "pk": 1,
    "fields": {
        "question": 1,
        "answer_text": "7 to 9 hours",
        "score": 4.0
    }
},
{
    "model": "puzzle_app.answer",
    "pk": 2,
    "fields": {
        "question": 1,
        "answer_text": "6 to 7 hours",
        "score": 3.0
    }
},
{
    "model": "puzzle_app.answer",
    "pk": 3,
    "fields": {
        "question": 1,
        "answer_text": "5 to 6 hours",
        "score": 2.0
    }
},
{
    "model": "puzzle_app.answer",
    "pk": 4,
    "fields": {
        "question": 1,
        "answer_text": "Less than 5 hours",
        "score": 1.0
    }
},
{
    "model": "puzzle_app.answer",
    "pk": 5,
    "fields": {
        "question": 2,
        "answer_text": "Never",
        "score": 4.0
    }
},
{
    "model": "puzzle_app.answer",
    "pk": 6,
    "fields": {
        "question": 2,
        "answer_text": "Rarely",
        "score": 3.0
    }
},
{
    "model": "puzzle_app.answer",
    "pk": 7,
    "fields": {
        "question": 2,
        "answer_text": "Sometimes",
        "score": 2.0
    }
},
{
    "model": "puzzle_app.answer",
    "pk": 8,
    "fields": {
        "question": 2,
        "answer_text": "Always",
        "score": 1.0
    }
},
{
    "model": "puzzle_app.answer",
    "pk": 9,
    "fields": {
        "question": 3,
        "answer_text": "Never",
        "score": 4.0
    }
},
{
    "model": "puzzle_app.answer",
    "pk": 10,
    "fields": {
        "question": 3,
        "answer_text": "Rarely",
        "score": 3.0
    }
},
{
    "model": "puzzle_app.answer",
    "pk": 11,
    "fields": {
        "question": 3,
        "answer_text": "Sometimes",
        "score": 2.0
    }
},
{
    "model": "puzzle_app.answer",
    "pk": 12,
    "fields": {
        "question": 3,
        "answer_text": "Always",
        "score": 1.0
    }
},
{
    "model": "puzzle_app.answer",
    "pk": 13,
    "fields": {
        "question": 4,
        "answer_text": "7 days",
        "score": 8.0
    }
},
{
    "model": "puzzle_app.answer",
    "pk": 14,
    "fields": {
        "question": 4,
        "answer_text": "6 days",
        "score": 7.0
    }
},
{
    "model": "puzzle_app.answer",
    "pk": 15,
    "fields": {
        "question": 4,
        "answer_text": "5 days",
        "score": 6.0
    }
},
{
    "model": "puzzle_app.answer",
    "pk": 16,
    "fields": {
        "question": 4,
        "answer_text": "4 days",
        "score": 5.0
    }
},
{
    "model": "puzzle_app.answer",
    "pk": 17,
    "fields": {
        "question": 4,
        "answer_text": "3 days",
        "score": 4.0
    }
},
{
    "model": "puzzle_app.answer",
    "pk": 18,
    "fields": {
        "question": 4,
        "answer_text": "2 days",
        "score": 3.0
    }
},
{
    "model": "puzzle_app.answer",
    "pk": 19,
    "fields": {
        "question": 4,
        "answer_text": "1 day",
        "score": 2.0
    }
},
{
    "model": "puzzle_app.answer",
    "pk": 20,
    "fields": {
        "question": 4,
        "answer_text": "0 days",
        "score": 1.0
    }
},
{
    "model": "puzzle_app.answer",
    "pk": 21,
    "fields": {
        "question": 5,
        "answer_text": "Never",
        "score": 0.0
    }
},
{
    "model": "puzzle_app.answer",
    "pk": 22,
    "fields": {
        "question": 5,
        "answer_text": "Almost never",
        "score": 1.0
    }
},
{
    "model": "puzzle_app.answer",
    "pk": 23,
    "fields": {
        "question": 5,
        "answer_text": "Sometimes",
        "score": 2.0
    }
},
{
    "model": "puzzle_app.answer",
    "pk": 24,
    "fields": {
        "question": 5,
        "answer_text": "Fairly often",
        "score": 3.0
    }
},
{
    "model": "puzzle_app.answer",
    "pk": 25,
    "fields": {
        "question": 5,
        "answer_text": "Very often",
        "score": 4.0
    }
},
{
    "model": "puzzle_app.answer",
    "pk": 26,
    "fields": {
        "question": 6,
        "answer_text": "Never",
        "score": 0.0
    }
},
{
    "model": "puzzle_app.answer",
    "pk": 27,
    "fields": {
        "question": 6,
        "answer_text": "Almost never",
        "score": 1.0
    }
},
{
    "model": "puzzle_app.answer",
    "pk": 28,
    "fields": {
        "question": 6,
        "answer_text": "Sometimes",
        "score": 2.0
    }
},
{
    "model": "puzzle_app.answer",
    "pk": 29,
    "fields": {
        "question": 6,
        "answer_text": "Fairly often",
        "score": 3.0
    }
},
{
    "model": "puzzle_app.answer",
    "pk": 30,
    "fields": {
        "question": 6,
        "answer_text": "Very often",
        "score": 4.0
    }
},
{
    "model": "puzzle_app.answer",
    "pk": 31,
    "fields": {
        "question": 7,
        "answer_text": "Never",
        "score": 0.0
    }
},
{
    "model": "puzzle_app.answer",
    "pk": 32,
    "fields": {
        "question": 7,
        "answer_text": "Almost never",
        "score": 1.0
    }
},
{
    "model": "puzzle_app.answer",
    "pk": 33,
    "fields": {
        "question": 7,
        "answer_text": "Sometimes",
        "score": 2.0
    }
},
{
    "model": "puzzle_app.answer",
    "pk": 34,
    "fields": {
        "question": 7,
        "answer_text": "Fairly often",
        "score": 3.0
    }
},
{
    "model": "puzzle_app.answer",
    "pk": 35,
    "fields": {
        "question": 7,
        "answer_text": "Very often",
        "score": 4.0
    }
},
{
    "model": "puzzle_app.answer",
    "pk": 36,
    "fields": {
        "question": 8,
        "answer_text": "Never",
        "score": 4.0
    }
},
{
    "model": "puzzle_app.answer",
    "pk": 37,
    "fields": {
        "question": 8,
        "answer_text": "Almost never",
        "score": 3.0
    }
},
{
    "model": "puzzle_app.answer",
    "pk": 38,
    "fields": {
        "question": 8,
        "answer_text": "Sometimes",
        "score": 2.0
    }
},
{
    "model": "puzzle_app.answer",
    "pk": 39,
    "fields": {
        "question": 8,
        "answer_text": "Fairly often",
        "score": 1.0
    }
},
{
    "model": "puzzle_app.answer",
    "pk": 40,
    "fields": {
        "question": 8,
        "answer_text": "Very often",
        "score": 0.0
    }
},
{
    "model": "puzzle_app.answer",
    "pk": 41,
    "fields": {
        "question": 9,
        "answer_text": "Never",
        "score": 4.0
    }
},
{
    "model": "puzzle_app.answer",
    "pk": 42,
    "fields": {
        "question": 9,
        "answer_text": "Almost never",
        "score": 3.0
    }
},
{
    "model": "puzzle_app.answer",
    "pk": 43,
    "fields": {
        "question": 9,
        "answer_text": "Sometimes",
        "score": 2.0
    }
},
{
    "model": "puzzle_app.answer",
    "pk": 44,
    "fields": {
        "question": 9,
        "answer_text": "Fairly often",
        "score": 1.0
    }
},
{
    "model": "puzzle_app.answer",
    "pk": 45,
    "fields": {
        "question": 9,
        "answer_text": "Very often",
        "score": 0.0
    }
},
{
    "model": "puzzle_app.answer",
    "pk": 46,
    "fields": {
        "question": 10,
        "answer_text": "Never",
        "score": 0.0
    }
},
{
    "model": "puzzle_app.answer",
    "pk": 47,
    "fields": {
        "question": 10,
        "answer_text": "Almost never",
        "score": 1.0
    }
},
{
    "model": "puzzle_app.answer",
    "pk": 48,
    "fields": {
        "question": 10,
        "answer_text": "Sometimes",
        "score": 2.0
    }
},
{
    "model": "puzzle_app.answer",
    "pk": 49,
    "fields": {
        "question": 10,
        "answer_text": "Fairly often",
        "score": 3.0
    }
},
{
    "model": "puzzle_app.answer",
    "pk": 50,
    "fields": {
        "question": 10,
        "answer_text": "Very often",
        "score": 4.0
    }
},
{
    "model": "puzzle_app.answer",
    "pk": 51,
    "fields": {
        "question": 11,
        "answer_text": "Never",
        "score": 4.0
    }
},
{
    "model": "puzzle_app.answer",
    "pk": 52,
    "fields": {
        "question": 11,
        "answer_text": "Almost never",
        "score": 3.0
    }
},
{
    "model": "puzzle_app.answer",
    "pk": 53,
    "fields": {
        "question": 11,
        "answer_text": "Sometimes",
        "score": 2.0
    }
},
{
    "model": "puzzle_app.answer",
    "pk": 54,
    "fields": {
        "question": 11,
        "answer_text": "Fairly often",
        "score": 1.0
    }
},
{
    "model": "puzzle_app.answer",
    "pk": 55,
    "fields": {
        "question": 11,
        "answer_text": "Very often",
        "score": 0.0
    }
},
{
    "model": "puzzle_app.answer",
    "pk": 56,
    "fields": {
        "question": 12,
        "answer_text": "Never",
        "score": 4.0
    }
},
{
    "model": "puzzle_app.answer",
    "pk": 57,
    "fields": {
        "question": 12,
        "answer_text": "Almost never",
        "score": 3.0
    }
},
{
    "model": "puzzle_app.answer",
    "pk": 58,
    "fields": {
        "question": 12,
        "answer_text": "Sometimes",
        "score": 2.0
    }
},
{
    "model": "puzzle_app.answer",
    "pk": 59,
    "fields": {
        "question": 12,
        "answer_text": "Fairly often",
        "score": 1.0
    }
},
{
    "model": "puzzle_app.answer",
    "pk": 60,
    "fields": {
        "question": 12,
        "answer_text": "Very often",
        "score": 0.0
    }
},
{
    "model": "puzzle_app.answer",
    "pk": 61,
    "fields": {
        "question": 13,
        "answer_text": "Never",
        "score": 0.0
    }
},
{
    "model": "puzzle_app.answer",
    "pk": 62,
    "fields": {
        "question": 13,
        "answer_text": "Almost never",
        "score": 1.0
    }
},
{
    "model": "puzzle_app.answer",
    "pk": 63,
    "fields": {
        "question": 13,
        "answer_text": "Sometimes",
        "score": 2.0
    }
},
{
    "model": "puzzle_app.answer",
    "pk": 64,
    "fields": {
        "question": 13,
        "answer_text": "Fairly often",
        "score": 3.0
    }
},
{
    "model": "puzzle_app.answer",
    "pk": 65,
    "fields": {
        "question": 13,
        "answer_text": "Very often",
        "score": 4.0
    }
},
{
    "model": "puzzle_app.answer",
    "pk": 66,
    "fields": {
        "question": 14,
        "answer_text": "Never",
        "score": 0.0
    }
},
{
    "model": "puzzle_app.answer",
    "pk": 67,
    "fields": {
        "question": 14,
        "answer_text": "Almost never",
        "score": 1.0
    }
},
{
    "model": "puzzle_app.answer",
    "pk": 68,
    "fields": {
        "question": 14,
        "answer_text": "Sometimes",
        "score": 2.0
    }
},
{
    "model": "puzzle_app.answer",
    "pk": 69,
    "fields": {
        "question": 14,
        "answer_text": "Fairly often",
        "score": 3.0
    }
},
{
    "model": "puzzle_app.answer",
    "pk": 70,
    "fields": {
        "question": 14,
        "answer_text": "Very often",
        "score": 4.0
    }
},
{
    "model": "puzzle_app.answer",
    "pk": 71,
    "fields": {
        "question": 15,
        "answer_text": "No, it does not",
        "score": 0.0
    }
},
{
    "model": "puzzle_app.answer",
    "pk": 72,
    "fields": {
        "question": 15,
        "answer_text": "Yes, once a week",
        "score": 1.0
    }
},
{
    "model": "puzzle_app.answer",
    "pk": 73,
    "fields": {
        "question": 15,
        "answer_text": "Yes, twice a week",
        "score": 2.0
    }
},
{
    "model": "puzzle_app.answer",
    "pk": 74,
    "fields": {
        "question": 15,
        "answer_text": "Yes, about three times a week",
        "score": 3.0
    }
},
{
    "model": "puzzle_app.answer",
    "pk": 75,
    "fields": {
        "question": 15,
        "answer_text": "Yes, about four times a week",
        "score": 4.0
    }
},
{
    "model": "puzzle_app.answer",
    "pk": 76,
    "fields": {
        "question": 15,
        "answer_text": "Yes, about five times a week",
        "score": 5.0
    }
},
{
    "model": "puzzle_app.answer",
    "pk": 77,
    "fields": {
        "question": 15,
        "answer_text": "Yes, about six times a week",
        "score": 6.0
    }
},
{
    "model": "puzzle_app.answer",
    "pk": 78,
    "fields": {
        "question": 15,
        "answer_text": "Yes, about seven times a week",
        "score": 7.0
    }
},
{
    "model": "puzzle_app.answer",
    "pk": 79,
    "fields": {
        "question": 16,
        "answer_text": "Less than 20 minutes",
        "score": 10.0
    }
},
{
    "model": "puzzle_app.answer",
    "pk": 80,
    "fields": {
        "question": 16,
        "answer_text": "20-60 minutes",
        "score": 40.0
    }
},
{
    "model": "puzzle_app.answer",
    "pk": 81,
    "fields": {
        "question": 16,
        "answer_text": "60-90 minutes",
        "score": 75.0
    }
},
{
    "model": "puzzle_app.answer",
    "pk": 82,
    "fields": {
        "question": 16,
        "answer_text": "1.5-2 hours",
        "score": 105.0
    }
},
{
    "model": "puzzle_app.answer",
    "pk": 83,
    "fields": {
        "question": 16,
        "answer_text": "7-9 hours",
        "score": 480.0
    }
},
{
    "model": "puzzle_app.answer",
    "pk": 84,
    "fields": {
        "question": 16,
        "answer_text": "2 -4 hours",
        "score": 180.0
    }
},
{
    "model": "puzzle_app.answer",
    "pk": 85,
    "fields": {
        "question": 16,
        "answer_text": "4 -6 hours",
        "score": 300.0
    }
},
{
    "model": "puzzle_app.answer",
    "pk": 86,
    "fields": {
        "question": 17,
        "answer_text": "No, it does not",
        "score": 0.0
    }
},
{
    "model": "puzzle_app.answer",
    "pk": 87,
    "fields": {
        "question": 17,
        "answer_text": "Yes, once a week",
        "score": 1.0
    }
},
{
    "model": "puzzle_app.answer",
    "pk": 88,
    "fields": {
        "question": 17,
        "answer_text": "Yes, twice a week",
        "score": 2.0
    }
},
{
    "model": "puzzle_app.answer",
    "pk": 89,
    "fields": {
        "question": 17,
        "answer_text": "Yes, about three times a week",
        "score": 3.0
    }
},
{
    "model": "puzzle_app.answer",
    "pk": 90,
    "fields": {
        "question": 17,
        "answer_text": "Yes, about four times a week",
        "score": 4.0
    }
},
{
    "model": "puzzle_app.answer",
    "pk": 91,
    "fields": {
        "question": 17,
        "answer_text": "Yes, about five times a week",
        "score": 5.0
    }
},
{
    "model": "puzzle_app.answer",
    "pk": 92,
    "fields": {
        "question": 17,
        "answer_text": "Yes, about six times a week",
        "score": 6.0
    }
},
{
    "model": "puzzle_app.answer",
    "pk": 93,
    "fields": {
        "question": 17,
        "answer_text": "Yes, about seven times a week",
        "score": 7.0
    }
},
{
    "model": "puzzle_app.answer",
    "pk": 94,
    "fields": {
        "question": 18,
        "answer_text": "My work does not involve this kind of an activity",
        "score": 0.0
    }
},
{
    "model": "puzzle_app.answer",
    "pk": 95,
    "fields": {
        "question": 18,
        "answer_text": "Less than 20 minutes",
        "score": 10.0
    }
},
{
    "model": "puzzle_app.answer",
    "pk": 96,
    "fields": {
        "question": 18,
        "answer_text": "20-60 minutes",
        "score": 40.0
    }
},
{
    "model": "puzzle_app.answer",
    "pk": 97,
    "fields": {
        "question": 18,
        "answer_text": "60-90 minutes",
        "score": 75.0
    }
},
{
    "model": "puzzle_app.answer",
    "pk": 98,
    "fields": {
        "question": 18,
        "answer_text": "1.5-2 hours",
        "score": 105.0
    }
},
{
    "model": "puzzle_app.answer",
    "pk": 99,
    "fields": {
        "question": 18,
        "answer_text": "2-4 hours",
        "score": 180.0
    }
},
{
    "model": "puzzle_app.answer",
    "pk": 100,
    "fields": {
        "question": 18,
        "answer_text": "4-6 hours",
        "score": 300.0
    }
},
{
    "model": "puzzle_app.answer",
    "pk": 101,
    "fields": {
        "question": 18,
        "answer_text": "7-9 hours",
        "score": 480.0
    }
},
{
    "model": "puzzle_app.answer",
    "pk": 102,
    "fields": {
        "question": 19,
        "answer_text": "Not really",
        "score": 0.0
    }
},
{
    "model": "puzzle_app.answer",
    "pk": 103,
    "fields": {
        "question": 19,
        "answer_text": "Yes, once a week",
        "score": 1.0
    }
},
{
    "model": "puzzle_app.answer",
    "pk": 104,
    "fields": {
        "question": 19,
        "answer_text": "Yes, twice a week",
        "score": 2.0
    }
},
{
    "model": "puzzle_app.answer",
    "pk": 105,
    "fields": {
        "question": 19,
        "answer_text": "Yes, about three times a week",
        "score": 3.0
    }
},
{
    "model": "puzzle_app.answer",
    "pk": 106,
    "fields": {
        "question": 19,
        "answer_text": "Yes, about four times a week",
        "score": 4.0
    }
},
{
    "model": "puzzle_app.answer",
    "pk": 107,
    "fields": {
        "question": 19,
        "answer_text": "Yes, about five times a week",
        "score": 5.0
    }
},
{
    "model": "puzzle_app.answer",
    "pk": 108,
    "fields": {
        "question": 19,
        "answer_text": "Yes, about six times a week",
        "score": 6.0
    }
},
{
    "model": "puzzle_app.answer",
    "pk": 109,
    "fields": {
        "question": 19,
        "answer_text": "Yes, about seven times a week",
        "score": 7.0
    }
},
{
    "model": "puzzle_app.answer",
    "pk": 110,
    "fields": {
        "question": 20,
        "answer_text": "I don’t really walk or use the bike much",
        "score": 0.0
    }
},
{
    "model": "puzzle_app.answer",
    "pk": 111,
    "fields": {
        "question": 20,
        "answer_text": "Less than 20 minutes",
        "score": 10.0
    }
},
{
    "model": "puzzle_app.answer",
    "pk": 112,
    "fields": {
        "question": 20,
        "answer_text": "20-40 minutes",
        "score": 30.0
    }
},
{
    "model": "puzzle_app.answer",
    "pk": 113,
    "fields": {
        "question": 20,
        "answer_text": "40-60 minutes",
        "score": 50.0
    }
},
{
    "model": "puzzle_app.answer",
    "pk": 114,
    "fields": {
        "question": 20,
        "answer_text": "60-90 minutes",
        "score": 75.0
    }
},
{
    "model": "puzzle_app.answer",
    "pk": 115,
    "fields": {
        "question": 20,
        "answer_text": "1.5-2 hours",
        "score": 105.0
    }
},
{
    "model": "puzzle_app.answer",
    "pk": 116,
    "fields": {
        "question": 20,
        "answer_text": "More than 2 hours",
        "score": 180.0
    }
},
{
    "model": "puzzle_app.answer",
    "pk": 117,
    "fields": {
        "question": 21,
        "answer_text": "No, not really",
        "score": 0.0
    }
},
{
    "model": "puzzle_app.answer",
    "pk": 118,
    "fields": {
        "question": 21,
        "answer_text": "Yes, once a week",
        "score": 1.0
    }
},
{
    "model": "puzzle_app.answer",
    "pk": 119,
    "fields": {
        "question": 21,
        "answer_text": "Yes, twice a week",
        "score": 2.0
    }
},
{
    "model": "puzzle_app.answer",
    "pk": 120,
    "fields": {
        "question": 21,
        "answer_text": "Yes, about three times a week",
        "score": 3.0
    }
},
{
    "model": "puzzle_app.answer",
    "pk": 121,
    "fields": {
        "question": 21,
        "answer_text": "Yes, about four times a week",
        "score": 4.0
    }
},
{
    "model": "puzzle_app.answer",
    "pk": 122,
    "fields": {
        "question": 21,
        "answer_text": "Yes, about five times a week",
        "score": 5.0
    }
},
{
    "model": "puzzle_app.answer",
    "pk": 123,
    "fields": {
        "question": 21,
        "answer_text": "Yes, about six times a week",
        "score": 6.0
    }
},
{
    "model": "puzzle_app.answer",
    "pk": 124,
    "fields": {
        "question": 21,
        "answer_text": "Yes, about seven times a week",
        "score": 7.0
    }
},
{
    "model": "puzzle_app.answer",
    "pk": 125,
    "fields": {
        "question": 22,
        "answer_text": "I don’t really practice vigorous-intensity sports",
        "score": 0.0
    }
},
{
    "model": "puzzle_app.answer",
    "pk": 126,
    "fields": {
        "question": 22,
        "answer_text": "Less than 20 minutes",
        "score": 10.0
    }
},
{
    "model": "puzzle_app.answer",
    "pk": 127,
    "fields": {
        "question": 22,
        "answer_text": "20-40 minutes",
        "score": 30.0
    }
},
{
    "model": "puzzle_app.answer",
    "pk": 128,
    "fields": {
        "question": 22,
        "answer_text": "40-60 minutes",
        "score": 50.0
    }
},
{
    "model": "puzzle_app.answer",
    "pk": 129,
    "fields": {
        "question": 22,
        "answer_text": "60-90 minutes",
        "score": 75.0
    }
},
{
    "model": "puzzle_app.answer",
    "pk": 130,
    "fields": {
        "question": 22,
        "answer_text": "More than 90 minutes",
        "score": 105.0
    }
},
{
    "model": "puzzle_app.answer",
    "pk": 131,
    "fields": {
        "question": 23,
        "answer_text": "No, I don’t really do these things",
        "score": 0.0
    }
},
{
    "model": "puzzle_app.answer",
    "pk": 132,
    "fields": {
        "question": 23,
        "answer_text": "Yes, once a week",
        "score": 1.0
    }
},
{
    "model": "puzzle_app.answer",
    "pk": 133,
    "fields": {
        "question": 23,
        "answer_text": "Yes, twice a week",
        "score": 2.0
    }
},
{
    "model": "puzzle_app.answer",
    "pk": 134,
    "fields": {
        "question": 23,
        "answer_text": "Yes, about three times a week",
        "score": 3.0
    }
},
{
    "model": "puzzle_app.answer",
    "pk": 135,
    "fields": {
        "question": 23,
        "answer_text": "Yes, about four times a week",
        "score": 4.0
    }
},
{
    "model": "puzzle_app.answer",
    "pk": 136,
    "fields": {
        "question": 23,
        "answer_text": "Yes, about five times a week",
        "score": 5.0
    }
},
{
    "model": "puzzle_app.answer",
    "pk": 137,
    "fields": {
        "question": 23,
        "answer_text": "Yes, about six times a week",
        "score": 6.0
    }
},
{
    "model": "puzzle_app.answer",
    "pk": 138,
    "fields": {
        "question": 23,
        "answer_text": "Yes, about seven times a week",
        "score": 7.0
    }
},
{
    "model": "puzzle_app.answer",
    "pk": 139,
    "fields": {
        "question": 24,
        "answer_text": "I don’t really practice these activities",
        "score": 0.0
    }
},
{
    "model": "puzzle_app.answer",
    "pk": 140,
    "fields": {
        "question": 24,
        "answer_text": "Less than 20 minutes",
        "score": 10.0
    }
},
{
    "model": "puzzle_app.answer",
    "pk": 141,
    "fields": {
        "question": 24,
        "answer_text": "20-40 minutes",
        "score": 30.0
    }
},
{
    "model": "puzzle_app.answer",
    "pk": 142,
    "fields": {
        "question": 24,
        "answer_text": "40-60 minutes",
        "score": 50.0
    }
},
{
    "model": "puzzle_app.answer",
    "pk": 143,
    "fields": {
        "question": 24,
        "answer_text": "60-90 minutes",
        "score": 75.0
    }
},
{
    "model": "puzzle_app.answer",
    "pk": 144,
    "fields": {
        "question": 24,
        "answer_text": "1.5-2 hours",
        "score": 105.0
    }
},
{
    "model": "puzzle_app.answer",
    "pk": 145,
    "fields": {
        "question": 24,
        "answer_text": "More than 2 hours",
        "score": 180.0
    }
},
{
    "model": "puzzle_app.answer",
    "pk": 146,
    "fields": {
        "question": 25,
        "answer_text": "Less than 1 hour",
        "score": 0.0
    }
},
{
    "model": "puzzle_app.answer",
    "pk": 147,
    "fields": {
        "question": 25,
        "answer_text": "1-2 hours",
        "score": 0.0
    }
},
{
    "model": "puzzle_app.answer",
    "pk": 148,
    "fields": {
        "question": 25,
        "answer_text": "2-6 hours",
        "score": 0.0
    }
},
{
    "model": "puzzle_app.answer",
    "pk": 149,
    "fields": {
        "question": 25,
        "answer_text": "6-10 hours",
        "score": 0.0
    }
},
{
    "model": "puzzle_app.answer",
    "pk": 150,
    "fields": {
        "question": 25,
        "answer_text": "10-14 hours",
        "score": 0.0
    }
},
{
    "model": "puzzle_app.answer",
    "pk": 151,
    "fields": {
        "question": 25,
        "answer_text": "More than 14 hours",
        "score": 0.0
    }
},
{
    "model": "puzzle_app.answer",
    "pk": 152,
    "fields": {
        "question": 26,
        "answer_text": "Yes",
        "score": 0.0
    }
},
{
    "model": "puzzle_app.answer",
    "pk": 153,
    "fields": {
        "question": 26,
        "answer_text": "No",
        "score": 1.0
    }
},
{
    "model": "puzzle_app.answer",
    "pk": 154,
    "fields": {
        "question": 27,
        "answer_text": "I am not exposed to second-hand smoke",
        "score": 0.0
    }
},
{
    "model": "puzzle_app.answer",
    "pk": 155,
    "fields": {
        "question": 27,
        "answer_text": "About 1 day a week",
        "score": 1.0
    }
},
{
    "model": "puzzle_app.answer",
    "pk": 156,
    "fields": {
        "question": 27,
        "answer_text": "2 days a week",
        "score": 2.0
    }
},
{
    "model": "puzzle_app.answer",
    "pk": 157,
    "fields": {
        "question": 27,
        "answer_text": "3 days a week",
        "score": 3.0
    }
},
{
    "model": "puzzle_app.answer",
    "pk": 158,
    "fields": {
        "question": 27,
        "answer_text": "4 days a week",
        "score": 4.0
    }
},
{
    "model": "puzzle_app.answer",
    "pk": 159,
    "fields": {
        "question": 27,
        "answer_text": "5 days a week",
        "score": 5.0
    }
},
{
    "model": "puzzle_app.answer",
    "pk": 160,
    "fields": {
        "question": 27,
        "answer_text": "6 days a week",
        "score": 6.0
    }
},
{
    "model": "puzzle_app.answer",
    "pk": 161,
    "fields": {
        "question": 27,
        "answer_text": "7 days a week",
        "score": 7.0
    }
},
{
    "model": "puzzle_app.answer",
    "pk": 162,
    "fields": {
        "question": 28,
        "answer_text": "I am not exposed to that",
        "score": 0.0
    }
},
{
    "model": "puzzle_app.answer",
    "pk": 163,
    "fields": {
        "question": 28,
        "answer_text": "About 1 day a week",
        "score": 1.0
    }
},
{
    "model": "puzzle_app.answer",
    "pk": 164,
    "fields": {
        "question": 28,
        "answer_text": "2 days a week",
        "score": 2.0
    }
},
{
    "model": "puzzle_app.answer",
    "pk": 165,
    "fields": {
        "question": 28,
        "answer_text": "3 days a week",
        "score": 3.0
    }
},
{
    "model": "puzzle_app.answer",
    "pk": 166,
    "fields": {
        "question": 28,
        "answer_text": "4 days a week",
        "score": 4.0
    }
},
{
    "model": "puzzle_app.answer",
    "pk": 167,
    "fields": {
        "question": 28,
        "answer_text": "5 days a week",
        "score": 5.0
    }
},
{
    "model": "puzzle_app.answer",
    "pk": 168,
    "fields": {
        "question": 28,
        "answer_text": "6 days a week",
        "score": 6.0
    }
},
{
    "model": "puzzle_app.answer",
    "pk": 169,
    "fields": {
        "question": 28,
        "answer_text": "7 days a week",
        "score": 7.0
    }
},
{
    "model": "puzzle_app.answer",
    "pk": 170,
    "fields": {
        "question": 29,
        "answer_text": "My indoor air quality is normally good",
        "score": 0.0
    }
},
{
    "model": "puzzle_app.answer",
    "pk": 171,
    "fields": {
        "question": 29,
        "answer_text": "About 1 day a week",
        "score": 1.0
    }
},
{
    "model": "puzzle_app.answer",
    "pk": 172,
    "fields": {
        "question": 29,
        "answer_text": "2 days a week",
        "score": 2.0
    }
},
{
    "model": "puzzle_app.answer",
    "pk": 173,
    "fields": {
        "question": 29,
        "answer_text": "3 days a week",
        "score": 3.0
    }
},
{
    "model": "puzzle_app.answer",
    "pk": 174,
    "fields": {
        "question": 29,
        "answer_text": "4 days a week",
        "score": 4.0
    }
},
{
    "model": "puzzle_app.answer",
    "pk": 175,
    "fields": {
        "question": 29,
        "answer_text": "5 days a week",
        "score": 5.0
    }
},
{
    "model": "puzzle_app.answer",
    "pk": 176,
    "fields": {
        "question": 29,
        "answer_text": "6 days a week",
        "score": 6.0
    }
},
{
    "model": "puzzle_app.answer",
    "pk": 177,
    "fields": {
        "question": 29,
        "answer_text": "7 days a week",
        "score": 7.0
    }
},
{
    "model": "puzzle_app.answer",
    "pk": 178,
    "fields": {
        "question": 30,
        "answer_text": "Hardly ever",
        "score": 1.0
    }
},
{
    "model": "puzzle_app.answer",
    "pk": 179,
    "fields": {
        "question": 31,
        "answer_text": "Hardly ever",
        "score": 1.0
    }
},
{
    "model": "puzzle_app.answer",
    "pk": 180,
    "fields": {
        "question": 32,
        "answer_text": "Hardly ever",
        "score": 1.0
    }
},
{
    "model": "puzzle_app.answer",
    "pk": 181,
    "fields": {
        "question": 30,
        "answer_text": "Sometimes",
        "score": 2.0
    }
},
{
    "model": "puzzle_app.answer",
    "pk": 182,
    "fields": {
        "question": 31,
        "answer_text": "Sometimes",
        "score": 2.0
    }
},
{
    "model": "puzzle_app.answer",
    "pk": 183,
    "fields": {
        "question": 32,
        "answer_text": "Sometimes",
        "score": 2.0
    }
},
{
    "model": "puzzle_app.answer",
    "pk": 184,
    "fields": {
        "question": 32,
        "answer_text": "Often",
        "score": 3.0
    }
},
{
    "model": "puzzle_app.answer",
    "pk": 185,
    "fields": {
        "question": 31,
        "answer_text": "Often",
        "score": 3.0
    }
},
{
    "model": "puzzle_app.answer",
    "pk": 186,
    "fields": {
        "question": 30,
        "answer_text": "Often",
        "score": 3.0
    }
},
{
    "model": "puzzle_app.answer",
    "pk": 187,
    "fields": {
        "question": 33,
        "answer_text": "Never",
        "score": 0.0
    }
},
{
    "model": "puzzle_app.answer",
    "pk": 188,
    "fields": {
        "question": 33,
        "answer_text": "Less than once per month",
        "score": 1.0
    }
},
{
    "model": "puzzle_app.answer",
    "pk": 189,
    "fields": {
        "question": 33,
        "answer_text": "Monthly",
        "score": 1.0
    }
},
{
    "model": "puzzle_app.answer",
    "pk": 190,
    "fields": {
        "question": 33,
        "answer_text": "2 to 4 times per month",
        "score": 2.0
    }
},
{
    "model": "puzzle_app.answer",
    "pk": 191,
    "fields": {
        "question": 33,
        "answer_text": "2 to 3 times per week",
        "score": 3.0
    }
},
{
    "model": "puzzle_app.answer",
    "pk": 192,
    "fields": {
        "question": 33,
        "answer_text": "4 or more times per week",
        "score": 4.0
    }
},
{
    "model": "puzzle_app.answer",
    "pk": 193,
    "fields": {
        "question": 34,
        "answer_text": "One or two",
        "score": 0.0
    }
},
{
    "model": "puzzle_app.answer",
    "pk": 194,
    "fields": {
        "question": 34,
        "answer_text": "Three of four",
        "score": 1.0
    }
},
{
    "model": "puzzle_app.answer",
    "pk": 195,
    "fields": {
        "question": 34,
        "answer_text": "Five or six",
        "score": 2.0
    }
},
{
    "model": "puzzle_app.answer",
    "pk": 196,
    "fields": {
        "question": 34,
        "answer_text": "7-9",
        "score": 3.0
    }
},
{
    "model": "puzzle_app.answer",
    "pk": 197,
    "fields": {
        "question": 34,
        "answer_text": "10 or more",
        "score": 4.0
    }
},
{
    "model": "puzzle_app.answer",
    "pk": 198,
    "fields": {
        "question": 35,
        "answer_text": "Never",
        "score": 0.0
    }
},
{
    "model": "puzzle_app.answer",
    "pk": 199,
    "fields": {
        "question": 35,
        "answer_text": "Almost never",
        "score": 1.0
    }
},
{
    "model": "puzzle_app.answer",
    "pk": 200,
    "fields": {
        "question": 35,
        "answer_text": "Sometimes",
        "score": 2.0
    }
},
{
    "model": "puzzle_app.answer",
    "pk": 201,
    "fields": {
        "question": 35,
        "answer_text": "Fairly often",
        "score": 3.0
    }
},
{
    "model": "puzzle_app.answer",
    "pk": 202,
    "fields": {
        "question": 35,
        "answer_text": "Very often",
        "score": 4.0
    }
},
{
    "model": "puzzle_app.answer",
    "pk": 203,
    "fields": {
        "question": 36,
        "answer_text": "yes",
        "score": 1.0
    }
},
{
    "model": "puzzle_app.answer",
    "pk": 204,
    "fields": {
        "question": 36,
        "answer_text": "no",
        "score": 0.0
    }
},
{
    "model": "puzzle_app.answer",
    "pk": 205,
    "fields": {
        "question": 37,
        "answer_text": "yes",
        "score": 1.0
    }
},
{
    "model": "puzzle_app.answer",
    "pk": 206,
    "fields": {
        "question": 37,
        "answer_text": "no",
        "score": 0.0
    }
},
{
    "model": "puzzle_app.answer",
    "pk": 207,
    "fields": {
        "question": 38,
        "answer_text": "yes",
        "score": 1.0
    }
},
{
    "model": "puzzle_app.answer",
    "pk": 208,
    "fields": {
        "question": 38,
        "answer_text": "no",
        "score": 0.0
    }
},
{
    "model": "puzzle_app.answer",
    "pk": 209,
    "fields": {
        "question": 39,
        "answer_text": "yes",
        "score": 1.0
    }
},
{
    "model": "puzzle_app.answer",
    "pk": 210,
    "fields": {
        "question": 39,
        "answer_text": "no",
        "score": 0.0
    }
},
{
    "model": "puzzle_app.answer",
    "pk": 211,
    "fields": {
        "question": 40,
        "answer_text": "yes",
        "score": 1.0
    }
},
{
    "model": "puzzle_app.answer",
    "pk": 212,
    "fields": {
        "question": 40,
        "answer_text": "no",
        "score": 0.0
    }
},
{
    "model": "puzzle_app.answer",
    "pk": 213,
    "fields": {
        "question": 41,
        "answer_text": "yes",
        "score": 1.0
    }
},
{
    "model": "puzzle_app.answer",
    "pk": 214,
    "fields": {
        "question": 41,
        "answer_text": "no",
        "score": 0.0
    }
},
{
    "model": "puzzle_app.answer",
    "pk": 215,
    "fields": {
        "question": 42,
        "answer_text": "yes",
        "score": 1.0
    }
},
{
    "model": "puzzle_app.answer",
    "pk": 216,
    "fields": {
        "question": 42,
        "answer_text": "no",
        "score": 0.0
    }
},
{
    "model": "puzzle_app.answer",
    "pk": 217,
    "fields": {
        "question": 43,
        "answer_text": "yes",
        "score": 1.0
    }
},
{
    "model": "puzzle_app.answer",
    "pk": 218,
    "fields": {
        "question": 43,
        "answer_text": "no",
        "score": 0.0
    }
},
{
    "model": "puzzle_app.answer",
    "pk": 219,
    "fields": {
        "question": 44,
        "answer_text": "yes",
        "score": 1.0
    }
},
{
    "model": "puzzle_app.answer",
    "pk": 220,
    "fields": {
        "question": 44,
        "answer_text": "no",
        "score": 0.0
    }
},
{
    "model": "puzzle_app.answer",
    "pk": 221,
    "fields": {
        "question": 45,
        "answer_text": "yes",
        "score": 1.0
    }
},
{
    "model": "puzzle_app.answer",
    "pk": 222,
    "fields": {
        "question": 45,
        "answer_text": "no",
        "score": 0.0
    }
},
{
    "model": "puzzle_app.answer",
    "pk": 223,
    "fields": {
        "question": 46,
        "answer_text": "yes",
        "score": 1.0
    }
},
{
    "model": "puzzle_app.answer",
    "pk": 224,
    "fields": {
        "question": 46,
        "answer_text": "no",
        "score": 0.0
    }
},
{
    "model": "puzzle_app.answer",
    "pk": 225,
    "fields": {
        "question": 47,
        "answer_text": "yes",
        "score": 1.0
    }
},
{
    "model": "puzzle_app.answer",
    "pk": 226,
    "fields": {
        "question": 47,
        "answer_text": "no",
        "score": 0.0
    }
},
{
    "model": "puzzle_app.answer",
    "pk": 227,
    "fields": {
        "question": 48,
        "answer_text": "yes",
        "score": 1.0
    }
},
{
    "model": "puzzle_app.answer",
    "pk": 228,
    "fields": {
        "question": 48,
        "answer_text": "no",
        "score": 0.0
    }
},
{
    "model": "puzzle_app.answer",
    "pk": 229,
    "fields": {
        "question": 49,
        "answer_text": "yes",
        "score": 1.0
    }
},
{
    "model": "puzzle_app.answer",
    "pk": 230,
    "fields": {
        "question": 49,
        "answer_text": "no",
        "score": 0.0
    }
},
{
    "model": "puzzle_app.answer",
    "pk": 231,
    "fields": {
        "question": 50,
        "answer_text": "yes",
        "score": 1.0
    }
},
{
    "model": "puzzle_app.answer",
    "pk": 232,
    "fields": {
        "question": 50,
        "answer_text": "no",
        "score": 0.0
    }
},
{
    "model": "puzzle_app.answer",
    "pk": 233,
    "fields": {
        "question": 51,
        "answer_text": "yes",
        "score": 1.0
    }
},
{
    "model": "puzzle_app.answer",
    "pk": 234,
    "fields": {
        "question": 51,
        "answer_text": "no",
        "score": 0.0
    }
},
{
    "model": "puzzle_app.answer",
    "pk": 235,
    "fields": {
        "question": 52,
        "answer_text": "yes",
        "score": 1.0
    }
},
{
    "model": "puzzle_app.answer",
    "pk": 236,
    "fields": {
        "question": 52,
        "answer_text": "no",
        "score": 0.0
    }
},
{
    "model": "puzzle_app.answer",
    "pk": 237,
    "fields": {
        "question": 53,
        "answer_text": "yes",
        "score": 1.0
    }
},
{
    "model": "puzzle_app.answer",
    "pk": 238,
    "fields": {
        "question": 53,
        "answer_text": "no",
        "score": 0.0
    }
},
{
    "model": "puzzle_app.answer",
    "pk": 239,
    "fields": {
        "question": 54,
        "answer_text": "yes",
        "score": 1.0
    }
},
{
    "model": "puzzle_app.answer",
    "pk": 240,
    "fields": {
        "question": 54,
        "answer_text": "no",
        "score": 0.0
    }
},
{
    "model": "puzzle_app.answer",
    "pk": 241,
    "fields": {
        "question": 55,
        "answer_text": "yes",
        "score": 1.0
    }
},
{
    "model": "puzzle_app.answer",
    "pk": 242,
    "fields": {
        "question": 55,
        "answer_text": "no",
        "score": 0.0
    }
},
{
    "model": "puzzle_app.answer",
    "pk": 243,
    "fields": {
        "question": 56,
        "answer_text": "yes",
        "score": 1.0
    }
},
{
    "model": "puzzle_app.answer",
    "pk": 244,
    "fields": {
        "question": 56,
        "answer_text": "no",
        "score": 0.0
    }
},
{
    "model": "puzzle_app.answer",
    "pk": 245,
    "fields": {
        "question": 57,
        "answer_text": "yes",
        "score": 1.0
    }
},
{
    "model": "puzzle_app.answer",
    "pk": 246,
    "fields": {
        "question": 57,
        "answer_text": "no",
        "score": 0.0
    }
},
{
    "model": "puzzle_app.answer",
    "pk": 247,
    "fields": {
        "question": 58,
        "answer_text": "yes",
        "score": 1.0
    }
},
{
    "model": "puzzle_app.answer",
    "pk": 248,
    "fields": {
        "question": 58,
        "answer_text": "no",
        "score": 0.0
    }
},
{
    "model": "puzzle_app.answer",
    "pk": 249,
    "fields": {
        "question": 59,
        "answer_text": "yes",
        "score": 1.0
    }
},
{
    "model": "puzzle_app.answer",
    "pk": 250,
    "fields": {
        "question": 59,
        "answer_text": "no",
        "score": 0.0
    }
},
{
    "model": "puzzle_app.answer",
    "pk": 251,
    "fields": {
        "question": 60,
        "answer_text": "yes",
        "score": 1.0
    }
},
{
    "model": "puzzle_app.answer",
    "pk": 252,
    "fields": {
        "question": 60,
        "answer_text": "no",
        "score": 0.0
    }
},
{
    "model": "puzzle_app.answer",
    "pk": 253,
    "fields": {
        "question": 61,
        "answer_text": "yes",
        "score": 1.0
    }
},
{
    "model": "puzzle_app.answer",
    "pk": 254,
    "fields": {
        "question": 61,
        "answer_text": "no",
        "score": 0.0
    }
},
{
    "model": "puzzle_app.answer",
    "pk": 255,
    "fields": {
        "question": 62,
        "answer_text": "yes",
        "score": 1.0
    }
},
{
    "model": "puzzle_app.answer",
    "pk": 256,
    "fields": {
        "question": 63,
        "answer_text": "no",
        "score": 0.0
    }
},
{
    "model": "puzzle_app.answer",
    "pk": 257,
    "fields": {
        "question": 62,
        "answer_text": "no",
        "score": 0.0
    }
},
{
    "model": "puzzle_app.answer",
    "pk": 258,
    "fields": {
        "question": 63,
        "answer_text": "yes",
        "score": 1.0
    }
},
{
    "model": "puzzle_app.answer",
    "pk": 259,
    "fields": {
        "question": 64,
        "answer_text": "yes",
        "score": 1.0
    }
},
{
    "model": "puzzle_app.answer",
    "pk": 260,
    "fields": {
        "question": 64,
        "answer_text": "no",
        "score": 0.0
    }
},
{
    "model": "puzzle_app.answer",
    "pk": 261,
    "fields": {
        "question": 65,
        "answer_text": "yes",
        "score": 1.0
    }
},
{
    "model": "puzzle_app.answer",
    "pk": 262,
    "fields": {
        "question": 65,
        "answer_text": "no",
        "score": 0.0
    }
},
{
    "model": "puzzle_app.answer",
    "pk": 263,
    "fields": {
        "question": 66,
        "answer_text": "yes",
        "score": 1.0
    }
},
{
    "model": "puzzle_app.answer",
    "pk": 264,
    "fields": {
        "question": 66,
        "answer_text": "no",
        "score": 0.0
    }
},
{
    "model": "puzzle_app.answer",
    "pk": 265,
    "fields": {
        "question": 67,
        "answer_text": "More than twice a day",
        "score": 50.0
    }
},
{
    "model": "puzzle_app.answer",
    "pk": 266,
    "fields": {
        "question": 67,
        "answer_text": "Once or twice a day",
        "score": 100.0
    }
},
{
    "model": "puzzle_app.answer",
    "pk": 267,
    "fields": {
        "question": 67,
        "answer_text": "I try to do it every day, but sometimes I forget",
        "score": 50.0
    }
},
{
    "model": "puzzle_app.answer",
    "pk": 268,
    "fields": {
        "question": 67,
        "answer_text": "I rarely do it",
        "score": 0.0
    }
},
{
    "model": "puzzle_app.answer",
    "pk": 269,
    "fields": {
        "question": 68,
        "answer_text": "I apply it in the morning and reapply it every two hours",
        "score": 100.0
    }
},
{
    "model": "puzzle_app.answer",
    "pk": 270,
    "fields": {
        "question": 68,
        "answer_text": "I apply it in the morning and reapply it once during the day",
        "score": 90.0
    }
},
{
    "model": "puzzle_app.answer",
    "pk": 271,
    "fields": {
        "question": 68,
        "answer_text": "I apply sunscreen in the morning, but don’t reapply it during the day",
        "score": 75.0
    }
},
{
    "model": "puzzle_app.answer",
    "pk": 272,
    "fields": {
        "question": 68,
        "answer_text": "I only apply sunscreen on sunny days",
        "score": 60.0
    }
},
{
    "model": "puzzle_app.answer",
    "pk": 273,
    "fields": {
        "question": 68,
        "answer_text": "I only apply sunscreen during the summer",
        "score": 50.0
    }
},
{
    "model": "puzzle_app.answer",
    "pk": 274,
    "fields": {
        "question": 68,
        "answer_text": "I don’t really use sunscreen",
        "score": 0.0
    }
},
{
    "model": "puzzle_app.answer",
    "pk": 275,
    "fields": {
        "question": 69,
        "answer_text": "Every day",
        "score": 100.0
    }
},
{
    "model": "puzzle_app.answer",
    "pk": 276,
    "fields": {
        "question": 69,
        "answer_text": "A few times a week",
        "score": 50.0
    }
},
{
    "model": "puzzle_app.answer",
    "pk": 277,
    "fields": {
        "question": 69,
        "answer_text": "Quite rarely",
        "score": 0.0
    }
},
{
    "model": "puzzle_app.answer",
    "pk": 278,
    "fields": {
        "question": 70,
        "answer_text": "More than twice a week",
        "score": 30.0
    }
},
{
    "model": "puzzle_app.answer",
    "pk": 279,
    "fields": {
        "question": 70,
        "answer_text": "Once or twice a week",
        "score": 100.0
    }
},
{
    "model": "puzzle_app.answer",
    "pk": 280,
    "fields": {
        "question": 70,
        "answer_text": "A few times a month",
        "score": 60.0
    }
},
{
    "model": "puzzle_app.answer",
    "pk": 281,
    "fields": {
        "question": 70,
        "answer_text": "I rarely do it",
        "score": 30.0
    }
},
{
    "model": "puzzle_app.answer",
    "pk": 282,
    "fields": {
        "question": 70,
        "answer_text": "I almost never do it",
        "score": 0.0
    }
},
{
    "model": "puzzle_app.answer",
    "pk": 283,
    "fields": {
        "question": 71,
        "answer_text": "I don’t wear makeup",
        "score": 100.0
    }
},
{
    "model": "puzzle_app.answer",
    "pk": 284,
    "fields": {
        "question": 71,
        "answer_text": "I do it weekly or several times a week",
        "score": 100.0
    }
},
{
    "model": "puzzle_app.answer",
    "pk": 285,
    "fields": {
        "question": 71,
        "answer_text": "I do it once a month",
        "score": 50.0
    }
},
{
    "model": "puzzle_app.answer",
    "pk": 286,
    "fields": {
        "question": 71,
        "answer_text": "I do it less frequently than once a month",
        "score": 0.0
    }
},
{
    "model": "puzzle_app.answer",
    "pk": 287,
    "fields": {
        "question": 72,
        "answer_text": "Yes, regularly",
        "score": 100.0
    }
},
{
    "model": "puzzle_app.answer",
    "pk": 288,
    "fields": {
        "question": 72,
        "answer_text": "Occasionally",
        "score": 50.0
    }
},
{
    "model": "puzzle_app.answer",
    "pk": 289,
    "fields": {
        "question": 72,
        "answer_text": "I don’t, because I cannot use one (e.g. I get a skin reaction to it)",
        "score": 80.0
    }
},
{
    "model": "puzzle_app.answer",
    "pk": 290,
    "fields": {
        "question": 72,
        "answer_text": "No, I don’t",
        "score": 0.0
    }
},
{
    "model": "puzzle_app.answer",
    "pk": 293,
    "fields": {
        "question": 74,
        "answer_text": "Not at all",
        "score": 0.0
    }
},
{
    "model": "puzzle_app.answer",
    "pk": 294,
    "fields": {
        "question": 74,
        "answer_text": "A little",
        "score": 50.0
    }
},
{
    "model": "puzzle_app.answer",
    "pk": 295,
    "fields": {
        "question": 74,
        "answer_text": "A lot",
        "score": 100.0
    }
},
{
    "model": "puzzle_app.answer",
    "pk": 296,
    "fields": {
        "question": 75,
        "answer_text": "Very uneven or textured; it affects my confidence",
        "score": 100.0
    }
},
{
    "model": "puzzle_app.answer",
    "pk": 297,
    "fields": {
        "question": 75,
        "answer_text": "Somewhat uneven, but manageable",
        "score": 60.0
    }
},
{
    "model": "puzzle_app.answer",
    "pk": 298,
    "fields": {
        "question": 75,
        "answer_text": "Smooth overall, with only a few minor issues",
        "score": 30.0
    }
},
{
    "model": "puzzle_app.answer",
    "pk": 299,
    "fields": {
        "question": 75,
        "answer_text": "Very smooth; texture is not an issue",
        "score": 0.0
    }
},
{
    "model": "puzzle_app.answer",
    "pk": 300,
    "fields": {
        "question": 76,
        "answer_text": "Yes, I have significant discoloration",
        "score": 100.0
    }
},
{
    "model": "puzzle_app.answer",
    "pk": 301,
    "fields": {
        "question": 76,
        "answer_text": "Yes, I have some spots that bother me",
        "score": 70.0
    }
},
{
    "model": "puzzle_app.answer",
    "pk": 302,
    "fields": {
        "question": 76,
        "answer_text": "A few spots, but they don’t bother me much",
        "score": 30.0
    }
},
{
    "model": "puzzle_app.answer",
    "pk": 303,
    "fields": {
        "question": 76,
        "answer_text": "No, I don’t have noticeable sun damage or spots",
        "score": 0.0
    }
},
{
    "model": "puzzle_app.answer",
    "pk": 304,
    "fields": {
        "question": 77,
        "answer_text": "Almost always; it feels lifeless",
        "score": 100.0
    }
},
{
    "model": "puzzle_app.answer",
    "pk": 305,
    "fields": {
        "question": 77,
        "answer_text": "Frequently; I wish it looked brighter",
        "score": 70.0
    }
},
{
    "model": "puzzle_app.answer",
    "pk": 306,
    "fields": {
        "question": 77,
        "answer_text": "Occasionally; it’s dull at times",
        "score": 30.0
    }
},
{
    "model": "puzzle_app.answer",
    "pk": 307,
    "fields": {
        "question": 77,
        "answer_text": "Rarely; my skin generally looks radiant",
        "score": 0.0
    }
},
{
    "model": "contenttypes.contenttype",
    "fields": {
        "app_label": "puzzle_app",
        "model": "area"
    }
},
{
    "model": "contenttypes.contenttype",
    "fields": {
        "app_label": "puzzle_app",
        "model": "category"
    }
},
{
    "model": "contenttypes.contenttype",
    "fields": {
        "app_label": "puzzle_app",
        "model": "prompt"
    }
},
{
    "model": "contenttypes.contenttype",
    "fields": {
        "app_label": "puzzle_app",
        "model": "question"
    }
},
{
    "model": "contenttypes.contenttype",
    "fields": {
        "app_label": "puzzle_app",
        "model": "answer"
    }
},
{
    "model": "contenttypes.contenttype",
    "fields": {
        "app_label": "puzzle_app",
        "model": "user"
    }
},
{
    "model": "contenttypes.contenttype",
    "fields": {
        "app_label": "puzzle_app",
        "model": "surveycompletion"
    }
},
{
    "model": "contenttypes.contenttype",
    "fields": {
        "app_label": "puzzle_app",
        "model": "recommendation"
    }
},
{
    "model": "contenttypes.contenttype",
    "fields": {
        "app_label": "puzzle_app",
        "model": "questionresult"
    }
},
{
    "model": "contenttypes.contenttype",
    "fields": {
        "app_label": "puzzle_app",
        "model": "focus"
    }
},
{
    "model": "contenttypes.contenttype",
    "fields": {
        "app_label": "puzzle_app",
        "model": "categoryresult"
    }
},
{
    "model": "contenttypes.contenttype",
    "fields": {
        "app_label": "puzzle_app",
        "model": "arearesult"
    }
},
{
    "model": "contenttypes.contenttype",
    "fields": {
        "app_label": "puzzle_app",
        "model": "userinteraction"
    }
},
{
    "model": "contenttypes.contenttype",
    "fields": {
        "app_label": "admin",
        "model": "logentry"
    }
},
{
    "model": "contenttypes.contenttype",
    "fields": {
        "app_label": "auth",
        "model": "permission"
    }
},
{
    "model": "contenttypes.contenttype",
    "fields": {
        "app_label": "auth",
        "model": "group"
    }
},
{
    "model": "contenttypes.contenttype",
    "fields": {
        "app_label": "auth",
        "model": "user"
    }
},
{
    "model": "contenttypes.contenttype",
    "fields": {
        "app_label": "contenttypes",
        "model": "contenttype"
    }
},
{
    "model": "contenttypes.contenttype",
    "fields": {
        "app_label": "sessions",
        "model": "session"
    }
},
{
    "model": "sessions.session",
    "pk": "l7wli6rgm1gcqfzt0lkn2c65j2hrfj51",
    "fields": {
        "session_data": "eyJjdXJyZW50X3F1ZXN0aW9uX2luZGV4IjoxfQ:1tI9kG:7UWR5P5Kuj-zqVhUVzugfePKtV3fiRivLc949E9DbHk",
        "expire_date": "2024-12-16T16:58:00.425Z"
    }
},
{
    "model": "sessions.session",
    "pk": "sui9rqieylqppq04846d88tddee3t5qw",
    "fields": {
        "session_data": ".eJxVjMsOwiAQRf-FtSH0MYV26d5vIANMLWog8khMjP8uTbrQ7T3n3DfTWMuma6akvWML69jpdzNo7xR24G4YrpHbGEryhu8KP2jml-jocT7cv4MN89bqoUdle2NgkopWcAQgQCozAnTQCzBSqk6uwo44o1FuWqehWXtEUsHcTm1NiULRz0q5-Bi0D45ebBGfLzwmQbY:1tI9w5:kwMWGisZBd81_mkrP-tX7BgPNfVfSt8-QiQNBqm-i8k",
        "expire_date": "2024-12-16T17:10:13.733Z"
    }
},
{
    "model": "auth.permission",
    "fields": {
        "name": "Can add area",
        "content_type": [
            "puzzle_app",
            "area"
        ],
        "codename": "add_area"
    }
},
{
    "model": "auth.permission",
    "fields": {
        "name": "Can change area",
        "content_type": [
            "puzzle_app",
            "area"
        ],
        "codename": "change_area"
    }
},
{
    "model": "auth.permission",
    "fields": {
        "name": "Can delete area",
        "content_type": [
            "puzzle_app",
            "area"
        ],
        "codename": "delete_area"
    }
},
{
    "model": "auth.permission",
    "fields": {
        "name": "Can view area",
        "content_type": [
            "puzzle_app",
            "area"
        ],
        "codename": "view_area"
    }
},
{
    "model": "auth.permission",
    "fields": {
        "name": "Can add category",
        "content_type": [
            "puzzle_app",
            "category"
        ],
        "codename": "add_category"
    }
},
{
    "model": "auth.permission",
    "fields": {
        "name": "Can change category",
        "content_type": [
            "puzzle_app",
            "category"
        ],
        "codename": "change_category"
    }
},
{
    "model": "auth.permission",
    "fields": {
        "name": "Can delete category",
        "content_type": [
            "puzzle_app",
            "category"
        ],
        "codename": "delete_category"
    }
},
{
    "model": "auth.permission",
    "fields": {
        "name": "Can view category",
        "content_type": [
            "puzzle_app",
            "category"
        ],
        "codename": "view_category"
    }
},
{
    "model": "auth.permission",
    "fields": {
        "name": "Can add prompt",
        "content_type": [
            "puzzle_app",
            "prompt"
        ],
        "codename": "add_prompt"
    }
},
{
    "model": "auth.permission",
    "fields": {
        "name": "Can change prompt",
        "content_type": [
            "puzzle_app",
            "prompt"
        ],
        "codename": "change_prompt"
    }
},
{
    "model": "auth.permission",
    "fields": {
        "name": "Can delete prompt",
        "content_type": [
            "puzzle_app",
            "prompt"
        ],
        "codename": "delete_prompt"
    }
},
{
    "model": "auth.permission",
    "fields": {
        "name": "Can view prompt",
        "content_type": [
            "puzzle_app",
            "prompt"
        ],
        "codename": "view_prompt"
    }
},
{
    "model": "auth.permission",
    "fields": {
        "name": "Can add question",
        "content_type": [
            "puzzle_app",
            "question"
        ],
        "codename": "add_question"
    }
},
{
    "model": "auth.permission",
    "fields": {
        "name": "Can change question",
        "content_type": [
            "puzzle_app",
            "question"
        ],
        "codename": "change_question"
    }
},
{
    "model": "auth.permission",
    "fields": {
        "name": "Can delete question",
        "content_type": [
            "puzzle_app",
            "question"
        ],
        "codename": "delete_question"
    }
},
{
    "model": "auth.permission",
    "fields": {
        "name": "Can view question",
        "content_type": [
            "puzzle_app",
            "question"
        ],
        "codename": "view_question"
    }
},
{
    "model": "auth.permission",
    "fields": {
        "name": "Can add answer",
        "content_type": [
            "puzzle_app",
            "answer"
        ],
        "codename": "add_answer"
    }
},
{
    "model": "auth.permission",
    "fields": {
        "name": "Can change answer",
        "content_type": [
            "puzzle_app",
            "answer"
        ],
        "codename": "change_answer"
    }
},
{
    "model": "auth.permission",
    "fields": {
        "name": "Can delete answer",
        "content_type": [
            "puzzle_app",
            "answer"
        ],
        "codename": "delete_answer"
    }
},
{
    "model": "auth.permission",
    "fields": {
        "name": "Can view answer",
        "content_type": [
            "puzzle_app",
            "answer"
        ],
        "codename": "view_answer"
    }
},
{
    "model": "auth.permission",
    "fields": {
        "name": "Can add user",
        "content_type": [
            "puzzle_app",
            "user"
        ],
        "codename": "add_user"
    }
},
{
    "model": "auth.permission",
    "fields": {
        "name": "Can change user",
        "content_type": [
            "puzzle_app",
            "user"
        ],
        "codename": "change_user"
    }
},
{
    "model": "auth.permission",
    "fields": {
        "name": "Can delete user",
        "content_type": [
            "puzzle_app",
            "user"
        ],
        "codename": "delete_user"
    }
},
{
    "model": "auth.permission",
    "fields": {
        "name": "Can view user",
        "content_type": [
            "puzzle_app",
            "user"
        ],
        "codename": "view_user"
    }
},
{
    "model": "auth.permission",
    "fields": {
        "name": "Can add survey completion",
        "content_type": [
            "puzzle_app",
            "surveycompletion"
        ],
        "codename": "add_surveycompletion"
    }
},
{
    "model": "auth.permission",
    "fields": {
        "name": "Can change survey completion",
        "content_type": [
            "puzzle_app",
            "surveycompletion"
        ],
        "codename": "change_surveycompletion"
    }
},
{
    "model": "auth.permission",
    "fields": {
        "name": "Can delete survey completion",
        "content_type": [
            "puzzle_app",
            "surveycompletion"
        ],
        "codename": "delete_surveycompletion"
    }
},
{
    "model": "auth.permission",
    "fields": {
        "name": "Can view survey completion",
        "content_type": [
            "puzzle_app",
            "surveycompletion"
        ],
        "codename": "view_surveycompletion"
    }
},
{
    "model": "auth.permission",
    "fields": {
        "name": "Can add recommendation",
        "content_type": [
            "puzzle_app",
            "recommendation"
        ],
        "codename": "add_recommendation"
    }
},
{
    "model": "auth.permission",
    "fields": {
        "name": "Can change recommendation",
        "content_type": [
            "puzzle_app",
            "recommendation"
        ],
        "codename": "change_recommendation"
    }
},
{
    "model": "auth.permission",
    "fields": {
        "name": "Can delete recommendation",
        "content_type": [
            "puzzle_app",
            "recommendation"
        ],
        "codename": "delete_recommendation"
    }
},
{
    "model": "auth.permission",
    "fields": {
        "name": "Can view recommendation",
        "content_type": [
            "puzzle_app",
            "recommendation"
        ],
        "codename": "view_recommendation"
    }
},
{
    "model": "auth.permission",
    "fields": {
        "name": "Can add question result",
        "content_type": [
            "puzzle_app",
            "questionresult"
        ],
        "codename": "add_questionresult"
    }
},
{
    "model": "auth.permission",
    "fields": {
        "name": "Can change question result",
        "content_type": [
            "puzzle_app",
            "questionresult"
        ],
        "codename": "change_questionresult"
    }
},
{
    "model": "auth.permission",
    "fields": {
        "name": "Can delete question result",
        "content_type": [
            "puzzle_app",
            "questionresult"
        ],
        "codename": "delete_questionresult"
    }
},
{
    "model": "auth.permission",
    "fields": {
        "name": "Can view question result",
        "content_type": [
            "puzzle_app",
            "questionresult"
        ],
        "codename": "view_questionresult"
    }
},
{
    "model": "auth.permission",
    "fields": {
        "name": "Can add focus",
        "content_type": [
            "puzzle_app",
            "focus"
        ],
        "codename": "add_focus"
    }
},
{
    "model": "auth.permission",
    "fields": {
        "name": "Can change focus",
        "content_type": [
            "puzzle_app",
            "focus"
        ],
        "codename": "change_focus"
    }
},
{
    "model": "auth.permission",
    "fields": {
        "name": "Can delete focus",
        "content_type": [
            "puzzle_app",
            "focus"
        ],
        "codename": "delete_focus"
    }
},
{
    "model": "auth.permission",
    "fields": {
        "name": "Can view focus",
        "content_type": [
            "puzzle_app",
            "focus"
        ],
        "codename": "view_focus"
    }
},
{
    "model": "auth.permission",
    "fields": {
        "name": "Can add category result",
        "content_type": [
            "puzzle_app",
            "categoryresult"
        ],
        "codename": "add_categoryresult"
    }
},
{
    "model": "auth.permission",
    "fields": {
        "name": "Can change category result",
        "content_type": [
            "puzzle_app",
            "categoryresult"
        ],
        "codename": "change_categoryresult"
    }
},
{
    "model": "auth.permission",
    "fields": {
        "name": "Can delete category result",
        "content_type": [
            "puzzle_app",
            "categoryresult"
        ],
        "codename": "delete_categoryresult"
    }
},
{
    "model": "auth.permission",
    "fields": {
        "name": "Can view category result",
        "content_type": [
            "puzzle_app",
            "categoryresult"
        ],
        "codename": "view_categoryresult"
    }
},
{
    "model": "auth.permission",
    "fields": {
        "name": "Can add area result",
        "content_type": [
            "puzzle_app",
            "arearesult"
        ],
        "codename": "add_arearesult"
    }
},
{
    "model": "auth.permission",
    "fields": {
        "name": "Can change area result",
        "content_type": [
            "puzzle_app",
            "arearesult"
        ],
        "codename": "change_arearesult"
    }
},
{
    "model": "auth.permission",
    "fields": {
        "name": "Can delete area result",
        "content_type": [
            "puzzle_app",
            "arearesult"
        ],
        "codename": "delete_arearesult"
    }
},
{
    "model": "auth.permission",
    "fields": {
        "name": "Can view area result",
        "content_type": [
            "puzzle_app",
            "arearesult"
        ],
        "codename": "view_arearesult"
    }
},
{
    "model": "auth.permission",
    "fields": {
        "name": "Can add user interaction",
        "content_type": [
            "puzzle_app",
            "userinteraction"
        ],
        "codename": "add_userinteraction"
    }
},
{
    "model": "auth.permission",
    "fields": {
        "name": "Can change user interaction",
        "content_type": [
            "puzzle_app",
            "userinteraction"
        ],
        "codename": "change_userinteraction"
    }
},
{
    "model": "auth.permission",
    "fields": {
        "name": "Can delete user interaction",
        "content_type": [
            "puzzle_app",
            "userinteraction"
        ],
        "codename": "delete_userinteraction"
    }
},
{
    "model": "auth.permission",
    "fields": {
        "name": "Can view user interaction",
        "content_type": [
            "puzzle_app",
            "userinteraction"
        ],
        "codename": "view_userinteraction"
    }
},
{
    "model": "auth.permission",
    "fields": {
        "name": "Can add log entry",
        "content_type": [
            "admin",
            "logentry"
        ],
        "codename": "add_logentry"
    }
},
{
    "model": "auth.permission",
    "fields": {
        "name": "Can change log entry",
        "content_type": [
            "admin",
            "logentry"
        ],
        "codename": "change_logentry"
    }
},
{
    "model": "auth.permission",
    "fields": {
        "name": "Can delete log entry",
        "content_type": [
            "admin",
            "logentry"
        ],
        "codename": "delete_logentry"
    }
},
{
    "model": "auth.permission",
    "fields": {
        "name": "Can view log entry",
        "content_type": [
            "admin",
            "logentry"
        ],
        "codename": "view_logentry"
    }
},
{
    "model": "auth.permission",
    "fields": {
        "name": "Can add permission",
        "content_type": [
            "auth",
            "permission"
        ],
        "codename": "add_permission"
    }
},
{
    "model": "auth.permission",
    "fields": {
        "name": "Can change permission",
        "content_type": [
            "auth",
            "permission"
        ],
        "codename": "change_permission"
    }
},
{
    "model": "auth.permission",
    "fields": {
        "name": "Can delete permission",
        "content_type": [
            "auth",
            "permission"
        ],
        "codename": "delete_permission"
    }
},
{
    "model": "auth.permission",
    "fields": {
        "name": "Can view permission",
        "content_type": [
            "auth",
            "permission"
        ],
        "codename": "view_permission"
    }
},
{
    "model": "auth.permission",
    "fields": {
        "name": "Can add group",
        "content_type": [
            "auth",
            "group"
        ],
        "codename": "add_group"
    }
},
{
    "model": "auth.permission",
    "fields": {
        "name": "Can change group",
        "content_type": [
            "auth",
            "group"
        ],
        "codename": "change_group"
    }
},
{
    "model": "auth.permission",
    "fields": {
        "name": "Can delete group",
        "content_type": [
            "auth",
            "group"
        ],
        "codename": "delete_group"
    }
},
{
    "model": "auth.permission",
    "fields": {
        "name": "Can view group",
        "content_type": [
            "auth",
            "group"
        ],
        "codename": "view_group"
    }
},
{
    "model": "auth.permission",
    "fields": {
        "name": "Can add user",
        "content_type": [
            "auth",
            "user"
        ],
        "codename": "add_user"
    }
},
{
    "model": "auth.permission",
    "fields": {
        "name": "Can change user",
        "content_type": [
            "auth",
            "user"
        ],
        "codename": "change_user"
    }
},
{
    "model": "auth.permission",
    "fields": {
        "name": "Can delete user",
        "content_type": [
            "auth",
            "user"
        ],
        "codename": "delete_user"
    }
},
{
    "model": "auth.permission",
    "fields": {
        "name": "Can view user",
        "content_type": [
            "auth",
            "user"
        ],
        "codename": "view_user"
    }
},
{
    "model": "auth.permission",
    "fields": {
        "name": "Can add content type",
        "content_type": [
            "contenttypes",
            "contenttype"
        ],
        "codename": "add_contenttype"
    }
},
{
    "model": "auth.permission",
    "fields": {
        "name": "Can change content type",
        "content_type": [
            "contenttypes",
            "contenttype"
        ],
        "codename": "change_contenttype"
    }
},
{
    "model": "auth.permission",
    "fields": {
        "name": "Can delete content type",
        "content_type": [
            "contenttypes",
            "contenttype"
        ],
        "codename": "delete_contenttype"
    }
},
{
    "model": "auth.permission",
    "fields": {
        "name": "Can view content type",
        "content_type": [
            "contenttypes",
            "contenttype"
        ],
        "codename": "view_contenttype"
    }
},
{
    "model": "auth.permission",
    "fields": {
        "name": "Can add session",
        "content_type": [
            "sessions",
            "session"
        ],
        "codename": "add_session"
    }
},
{
    "model": "auth.permission",
    "fields": {
        "name": "Can change session",
        "content_type": [
            "sessions",
            "session"
        ],
        "codename": "change_session"
    }
},
{
    "model": "auth.permission",
    "fields": {
        "name": "Can delete session",
        "content_type": [
            "sessions",
            "session"
        ],
        "codename": "delete_session"
    }
},
{
    "model": "auth.permission",
    "fields": {
        "name": "Can view session",
        "content_type": [
            "sessions",
            "session"
        ],
        "codename": "view_session"
    }
},
{
    "model": "auth.user",
    "fields": {
        "password": "pbkdf2_sha256$870000$o48hDazjPjU85G1rna9BLK$0UotJgEKEdvvNTFBK5AW6bZQ7KEw8QU9y1/UB+TIvLY=",
        "last_login": "2025-02-12T14:55:25.195Z",
        "is_superuser": true,
        "username": "angelinachigrinets",
        "first_name": "",
        "last_name": "",
        "email": "angelinachigrinets@gmail.com",
        "is_staff": true,
        "is_active": true,
        "date_joined": "2024-11-08T09:56:36.703Z",
        "groups": [],
        "user_permissions": []
    }
},
{
    "model": "auth.user",
    "fields": {
        "password": "pbkdf2_sha256$870000$LC1i35O5gEuopQkeuYFZbV$I/zRvpZpdoU6b56y1YjUJn6NMEqa0VeMfg4QgzoJmm0=",
        "last_login": null,
        "is_superuser": false,
        "username": "test_user",
        "first_name": "",
        "last_name": "",
        "email": "",
        "is_staff": false,
        "is_active": true,
        "date_joined": "2024-11-14T11:04:27.359Z",
        "groups": [],
        "user_permissions": []
    }
},
{
    "model": "auth.user",
    "fields": {
        "password": "pbkdf2_sha256$870000$CkQceXc2zn2zxdBeCya4gv$U5SvATvE11kx6MEoV+cYU5OQi7z1fsn6Bjn8YcZlKKk=",
        "last_login": "2024-12-19T16:43:26.439Z",
        "is_superuser": false,
        "username": "new_user",
        "first_name": "",
        "last_name": "",
        "email": "",
        "is_staff": false,
        "is_active": true,
        "date_joined": "2024-12-10T16:55:22.302Z",
        "groups": [],
        "user_permissions": []
    }
},
{
    "model": "auth.user",
    "fields": {
        "password": "pbkdf2_sha256$870000$ogTsOY0ddr7vFWHVOuSEJP$uxA0SBzauMCcW23O99gVB9ZkZEVbzzIzdTYR3PcNn1Y=",
        "last_login": "2024-12-11T09:39:26.492Z",
        "is_superuser": false,
        "username": "new_user_1112",
        "first_name": "",
        "last_name": "",
        "email": "",
        "is_staff": false,
        "is_active": true,
        "date_joined": "2024-12-11T09:39:21.209Z",
        "groups": [],
        "user_permissions": []
    }
},
{
    "model": "auth.user",
    "fields": {
        "password": "pbkdf2_sha256$870000$sRg5Xtdl5xEfD8p5R71vHK$/blO2eaF7/IzTQZev4Qi+Rh2tP1Y5Rwsau3oo/bJFgk=",
        "last_login": "2025-02-12T09:09:54.408Z",
        "is_superuser": false,
        "username": "test_1202",
        "first_name": "",
        "last_name": "",
        "email": "",
        "is_staff": false,
        "is_active": true,
        "date_joined": "2025-02-12T09:09:51.565Z",
        "groups": [],
        "user_permissions": []
    }
}
]